[
    {
      "set_num": "0012-1",
      "name": "Space Mini-Figures",
      "year": "1979",
      "theme_id": "143",
      "num_parts": "12",
      "img_url": "https://cdn2.rebrickable.com/media/sets/0012-1.jpg"
    },
    {
      "set_num": "0014-1",
      "name": "Space Mini-Figures",
      "year": "1979",
      "theme_id": "143",
      "num_parts": "2",
      "img_url": "https://cdn2.rebrickable.com/media/sets/0014-1.jpg"
    },
    {
        "set_num": "0016-1",
        "name": "Castle Mini Figures",
        "year": "1979",
        "theme_id": "189",
        "num_parts": "15",
        "img_url": "https://cdn2.rebrickable.com/media/sets/0016-1.jpg"
    },
    {
        "set_num": "002253963-1",
        "name": "Legend of Chima: Corbeaux et Gorilles",
        "year": "2013",
        "theme_id": "497",
        "num_parts": "4",
        "img_url": "https://cdn2.rebrickable.com/media/sets/002253963-1.jpg"
    },
    {
      "set_num": "005-1",
      "name": "Basic Building Set in Cardboard",
      "year": "1965",
      "theme_id": "366",
      "num_parts": "35",
      "img_url": "https://cdn2.rebrickable.com/media/sets/005-1.jpg"
    },
   
   {
    "set_num": "00-6",
    "name": "Special Offer",
    "year": "1985",
    "theme_id": "67",
    "num_parts": "0",
    "img_url": "https://cdn2.rebrickable.com/media/sets/00-6.jpg"
   },
   {
    "set_num": "010-2",
    "name": "Pre-School Set",
    "year": "1973",
    "theme_id": "505",
    "num_parts": "18",
    "img_url": "https://cdn2.rebrickable.com/media/sets/010-2.jpg"
   },
   {
    "set_num": "010423-1",
    "name": "The Majestic Horse",
    "year": "2023",
    "theme_id": "721",
    "num_parts": "0",
    "img_url": "https://cdn2.rebrickable.com/media/sets/010423-1.jpg"
   },
   {
    "set_num": "011-1",
    "name": "Basic Building Set",
    "year": "1968",
    "theme_id": "366",
    "num_parts": "145",
    "img_url": "https://cdn2.rebrickable.com/media/sets/011-1.jpg"
   },
   {
    "set_num": "02-1",
    "name": "Extra Large Tires & Hubs",
    "year": "1982",
    "theme_id": "453",
    "num_parts": "4",
    "img_url": "https://cdn2.rebrickable.com/media/sets/02-1.jpg"
   },
   {
    "set_num": "02-2",
    "name": "Digger Bucket Assembly",
    "year": "1980",
    "theme_id": "453",
    "num_parts": "3",
    "img_url": "https://cdn2.rebrickable.com/media/sets/02-2.jpg"
   },
   {
    "set_num": "0241187567-1",
    "name": "Ninjago: Build Your Own Adventure",
    "year": "2015",
    "theme_id": "497",
    "num_parts": "74",
    "img_url": "https://cdn2.rebrickable.com/media/sets/0241187567-1.jpg"
   },
   {
    "set_num": "028-1",
    "name": "Nursery Furniture",
    "year": "1979",
    "theme_id": "652",
    "num_parts": "7",
    "img_url": "https://cdn2.rebrickable.com/media/sets/028-1.jpg"
   },
   {
    "set_num": "03093-1",
    "name": "The Race to Build It Board Game",
    "year": "1999",
    "theme_id": "674",
    "num_parts": "77",
    "img_url": "https://cdn2.rebrickable.com/media/sets/03093-1.jpg"
   },
   {
    "set_num": "032-1",
    "name": "Living Room",
    "year": "1979",
    "theme_id": "652",
    "num_parts": "14",
    "img_url": "https://cdn2.rebrickable.com/media/sets/032-1.jpg"
   },
   {
    "set_num": "033-2",
    "name": "Basic Building Set",
    "year": "1968",
    "theme_id": "366",
    "num_parts": "177",
    "img_url": "https://cdn2.rebrickable.com/media/sets/033-2.jpg"
   },
   {
    "set_num": "04-1",
    "name": "Propellers and Wheels",
    "year": "1980",
    "theme_id": "443",
    "num_parts": "13",
    "img_url": "https://cdn2.rebrickable.com/media/sets/04-1.jpg"
   },
   {
    "set_num": "041-2",
    "name": "Playhouse",
    "year": "1979",
    "theme_id": "651",
    "num_parts": "1",
    "img_url": "https://cdn2.rebrickable.com/media/sets/041-2.jpg"
   },
   {
    "set_num": "044-1",
    "name": "Basic Building Set",
    "year": "1968",
    "theme_id": "366",
    "num_parts": "225",
    "img_url": "https://cdn2.rebrickable.com/media/sets/044-1.jpg"
   },
   {
    "set_num": "045-1",
    "name": "Farm",
    "year": "1979",
    "theme_id": "632",
    "num_parts": "66",
    "img_url": "https://cdn2.rebrickable.com/media/sets/045-1.jpg"
   },
   {
    "set_num": "050-2",
    "name": "Lighting Device Pack",
    "year": "1969",
    "theme_id": "371",
    "num_parts": "4",
    "img_url": "https://cdn2.rebrickable.com/media/sets/050-2.jpg"
   },
   {
    "set_num": "051-1",
    "name": "Assorted Basic Bricks - Red",
    "year": "1966",
    "theme_id": "371",
    "num_parts": "50",
    "img_url": "https://cdn2.rebrickable.com/media/sets/051-1.jpg"
   },
   {
    "set_num": "053-1",
    "name": "Assorted Basic Bricks - Blue",
    "year": "1966",
    "theme_id": "371",
    "num_parts": "50",
    "img_url": "https://cdn2.rebrickable.com/media/sets/053-1.jpg"
   },
   {
    "set_num": "055-1",
    "name": "Trees & Bushes",
    "year": "1966",
    "theme_id": "371",
    "num_parts": "25",
    "img_url": "https://cdn2.rebrickable.com/media/sets/055-1.jpg"
   },
   {
    "set_num": "057-1",
    "name": "Large Wheels",
    "year": "1966",
    "theme_id": "371",
    "num_parts": "17",
    "img_url": "https://cdn2.rebrickable.com/media/sets/057-1.jpg"
   },
   {
    "set_num": "060-1",
    "name": "Assorted White Plates",
    "year": "1966",
    "theme_id": "371",
    "num_parts": "15",
    "img_url": "https://cdn2.rebrickable.com/media/sets/060-1.jpg"
   },
   {
    "set_num": "06-1",
    "name": "Motor Wires",
    "year": "1980",
    "theme_id": "453",
    "num_parts": "6",
    "img_url": "https://cdn2.rebrickable.com/media/sets/06-1.jpg"
   },
   {
    "set_num": "062-1",
    "name": "Five Large Base Plates - White",
    "year": "1966",
    "theme_id": "371",
    "num_parts": "5",
    "img_url": "https://cdn2.rebrickable.com/media/sets/062-1.jpg"
   },
   {
    "set_num": "063-2",
    "name": "Ducks",
    "year": "1978",
    "theme_id": "505",
    "num_parts": "18",
    "img_url": "https://cdn2.rebrickable.com/media/sets/063-2.jpg"
   },
   {
    "set_num": "066-1",
    "name": "Basic Building Set",
    "year": "1968",
    "theme_id": "366",
    "num_parts": "407",
    "img_url": "https://cdn2.rebrickable.com/media/sets/066-1.jpg"
   }
]
  